open,high,low,close,volume,RSI_14,ADX_14,ATRr_14,EMA_9,EMA_21,EMA_200,target
88715.3,88834.62,88510.17,88683.47,402.18175,70.64845743934488,36.947074189926596,443.4641953255143,88200.57442393943,87563.62495040646,86418.38140000001,0
88683.47,88770.53,88500.0,88635.7,157.59124,69.59177555194015,38.588280404376384,431.11175280226325,88287.59953915155,87661.08631855133,86440.44427164181,0
88635.7,88803.37,88354.62,88436.67,338.15496,65.21516255510782,39.438948953144624,432.3716276021016,88317.41363132124,87731.59392595576,86460.30721421255,1
88436.66,88470.69,88115.16,88327.29,318.61759,62.874915526234105,39.21130421324936,426.88293991623715,88319.38890505699,87785.74811450523,86478.88415735471,1
88327.29,88779.9,88327.29,88649.2,356.64409,66.66614361854336,39.52957581178343,428.7205870650774,88385.35112404558,87864.24374045931,86500.4793398686,1
88649.2,88886.79,88601.8,88884.61,253.76417,69.14744078916144,39.992125243584034,418.45411656042836,88485.20289923648,87957.00430950847,86524.20203300424,0
88884.61,88970.64,88754.32,88939.66,266.91571,69.7151625828845,40.552288366087616,404.0159653775401,88576.09431938919,88046.33664500769,86548.23644063604,0
88939.66,89228.0,88939.65,89089.06,472.14349,71.26076413778091,41.44765451222154,395.7541107077162,88678.68745551136,88141.1296772797,86573.51826709739,0
89089.06,89132.0,88900.0,89047.14,217.50669,70.17850374775419,42.099375073834075,384.05738851430795,88752.3779644091,88223.49425207246,86598.13141866856,0
89047.15,89060.0,88862.8,88917.31,105.45589,66.7950218922335,42.52888823635778,370.7104321918572,88785.36437152728,88286.56841097496,86621.20782246291,0
88917.31,89094.0,88775.52,88775.53,139.62845,63.21095038652714,42.5084405175198,366.9796870352957,88783.39749722183,88331.01946452269,86642.64386403044,0
88775.53,88880.55,88720.97,88766.15,139.13542,62.97021480033118,42.22547088204302,352.1654236756318,88779.94799777746,88370.5767859297,86663.7732783187,0
88766.15,89091.96,88758.03,89035.49,130.385,66.87169888237233,42.39214368985289,350.86289341308725,88831.05639822198,88431.02344175427,86687.37244967872,0
89035.5,89039.51,88726.0,88784.35,158.51526,60.47369007122707,42.384680977810184,348.1948295978664,88821.71511857759,88463.14403795842,86708.23789794062,0
88784.35,88935.75,88784.34,88844.39,95.85934,61.42392286768092,42.37775131662768,334.13877034087614,88826.25009486207,88497.80276178037,86729.49314273724,0
88844.38,88844.39,88598.0,88636.54,138.22162,56.37152485856514,41.39719050858709,327.8710010308135,88788.30807588967,88510.41523798216,86748.46873335677,0
88636.54,88690.0,88500.03,88522.0,135.22694,53.74783316898571,40.013651542861616,318.0209295286126,88735.04646071175,88511.4683981656,86766.1158106368,0
88522.01,88617.56,88500.0,88617.55,111.39722,55.60415609653714,38.72878883313772,303.7022917051401,88711.5471685694,88521.11218015055,86784.53804137673,0
88617.55,88617.55,88321.0,88428.56,115.68825,51.22494609172637,36.678504431823974,303.19141372620174,88654.94973485553,88512.69834559142,86800.89646882571,0
88428.56,88428.57,88252.5,88300.01,108.20839,48.43092778954607,34.468551403158216,294.1113127457593,88583.96178788441,88493.36304144673,86815.8130213747,0
88300.01,88300.01,88000.0,88032.92,233.30705,43.16311052378847,32.6080296954162,294.5326475496333,88473.75343030754,88451.50458313338,86827.92353857496,0
88032.91,88081.63,87869.37,87887.28,188.53803,40.571685274630724,31.33457543723642,288.65602986751725,88356.45874424603,88400.21143921217,86838.46439888766,0
87887.28,88279.5,87864.63,88187.03,214.72367,47.551192693539754,29.317984878636985,297.67131344840857,88322.57299539683,88380.8313083747,86851.88296208282,0
88187.03,88253.52,87975.5,88100.0,148.07411,45.86687135405915,27.445436502794653,296.267648202094,88278.05839631746,88355.30118943156,86864.30203708698,0
88100.0,88193.94,87900.43,88134.92,143.94301,46.68292699446683,26.0031947235355,296.0706733305165,88249.43071705397,88335.26653584687,86876.94500189208,0
88134.92,88223.85,87931.19,88048.61,176.06629,44.88198285127885,24.525669092957788,295.82705380690845,88209.26657364317,88309.20685076989,86888.60336008221,0
88048.61,88098.17,87924.0,87977.17,111.80467,43.38989040811047,23.185140550248963,287.137264249272,88162.84725891452,88279.02168251807,86899.43486893713,0
87977.16,87977.98,87719.67,87732.83,158.55816,38.65638633245139,22.779265411988973,285.07817394575244,88076.84380713163,88229.36789319824,86907.72735780342,0
87732.84,87941.88,87604.85,87803.9,183.2095,40.68335578943839,22.815618953133292,288.78901866391294,88022.25504570531,88190.68899381658,86916.6444985218,1
87803.76,87893.57,87608.01,87627.96,122.55604,37.38959841609729,22.849375812767303,288.55837447363433,87943.39603656426,88139.53181256053,86923.72226470566,1
87627.96,87703.99,87457.53,87657.69,209.56697,38.298641706472715,23.408518235328458,285.55134772551804,87886.25482925141,88095.72801141866,86931.02542625088,1
87657.69,87942.26,87657.68,87909.4,145.91407,45.51187800865981,22.61087988352945,285.481965745124,87890.88386340113,88078.78910128969,86940.76049663645,1
87909.41,88048.78,87785.53,87810.66,159.68458,43.36996493046616,21.360304931153898,283.8939681919009,87874.83909072091,88054.41372844517,86949.41621308782,1
87810.66,87968.53,87751.57,87940.19,101.07322,46.90041549591711,20.34391170419702,279.1129704639074,87887.90927257673,88044.02975313197,86959.27465872875,1
87940.19,87940.19,87591.59,87673.41,99.89382,41.20297883928409,20.048949496237487,284.0763297164859,87845.00941806138,88010.33704830178,86966.38048302001,1
87673.4,87828.0,87553.84,87822.12,109.4853,45.19930109266808,19.920201212878492,283.36802045102286,87840.4315344491,87993.22640754706,86974.8953040845,1
87822.12,88137.18,87790.17,88133.33,114.09742,52.47864221485504,18.682386083260898,287.9138761330923,87899.01122755928,88005.96309777006,86986.42201747668,0
88133.33,88133.33,87950.0,88031.81,124.57553,50.13892309057111,17.53298632004456,280.443599266443,87925.57098204744,88008.31281615459,86996.82388794956,1
88031.8,88328.0,88025.3,88161.28,135.21413,53.01588684837946,17.258937881370258,282.03334217598257,87972.71278563797,88022.2189237769,87008.41051593017,0
88161.27,88519.99,88140.0,88341.14,185.41525,56.749378730662485,17.670296095940394,289.03024630626993,88046.39822851038,88051.21174888809,87021.67150582142,0
88341.14,88341.14,88168.72,88184.61,129.58936,52.8159022278043,18.052271580898378,280.70094299867907,88074.04058280832,88063.33886262553,87033.24303312668,0
88184.61,88205.58,87937.46,88005.95,118.81518,48.669365108560015,17.254938159257275,279.80230421305885,88060.42246624666,88058.12169329594,87042.92170941397,0
88005.96,88222.96,88000.0,88208.34,75.84096,53.15600472769174,16.58438703533099,275.7421396264122,88090.00597299733,88071.7779029963,87054.51791131035,0
88208.35,88247.33,88080.51,88120.82,61.73034,51.07691997361314,16.06444325569065,267.9619867959547,88096.16877839787,88076.23627545119,87065.1278823421,0
88120.83,88149.01,88040.0,88083.97,92.81739,50.186848960144395,15.369427957688094,256.6082734533862,88093.7290227183,88076.93934131926,87075.26561485612,0
88083.98,88124.0,87927.68,87944.06,81.28338,46.8487879906979,14.389316780909994,252.30196820671625,88063.79521817465,88064.85940119933,87083.91033510632,0
87944.05,87999.54,87842.0,87880.01,95.32198,45.36132845016459,13.88726850501545,245.53325619195036,88027.03817453972,88048.05491018119,87091.83172480676,0
87880.01,88064.24,87802.09,88003.97,158.61845,48.75262335440067,13.075185276871482,246.72016646395454,88022.42453963179,88044.04719107381,87100.90772754501,0
88003.97,88069.96,87866.61,88022.0,83.89992,49.24606295988244,12.289795632526808,243.62229743081534,88022.33963170543,88042.04290097619,87110.07282478338,0
88022.01,88022.01,87684.79,87699.78,351.58921,41.54691602240659,12.453585738878742,250.3078476143286,87957.82770536435,88010.92809179654,87115.94055787011,0
87699.77,87788.0,87614.88,87702.78,229.25969,41.63840140658951,12.912063080045886,244.79442992759053,87906.81816429149,87982.91462890594,87121.77975629926,0
87702.77,87756.61,87300.0,87384.81,994.53666,35.327310477289636,14.472830019760266,259.92411350419127,87802.41653143319,87928.54148082358,87124.39697265449,0
87384.81,87476.8,87341.7,87408.09,209.32192,36.091064457299005,15.922113606637904,251.00810539674944,87723.55122514656,87881.22770983962,87127.21978884698,0
87408.1,87606.57,87408.1,87532.36,169.90219,40.15396290618882,16.44384637439316,247.25609786841093,87685.31298011725,87849.51246349055,87131.25103472911,0
87532.37,87552.64,87343.65,87403.2,173.01733,37.48651542777296,17.168403442479047,244.5228051635248,87628.8903840938,87808.93860317323,87133.95699458255,0
87403.21,87417.85,86993.2,87009.82,477.84449,30.779897623261657,18.91124785494683,257.3890333661308,87505.07630727506,87736.29145743021,87132.72180060661,1
87009.82,87061.43,86820.22,86826.05,449.41381,28.238261020379966,20.938026818012858,256.2333881256923,87369.27104582006,87653.54223402745,87129.67033990406,1
86826.05,86932.92,86666.0,86684.8,480.74318,26.43163275232221,23.14341826062355,256.99671754528555,87232.37683665605,87565.47475820678,87125.24376935775,1
86684.79,87120.0,86681.43,87079.13,245.14245,38.29956651731915,24.097348733059498,269.9662377206228,87201.72746932485,87521.26159836979,87124.78492588157,1
87079.13,87243.57,86876.59,87231.76,190.0881,42.18709477872594,24.3303398936834,276.8957921691505,87207.73397545988,87494.94327124527,87125.84935447977,1
87231.76,87237.63,87025.91,87050.49,144.67084,39.040965212042956,24.546688828548454,272.24037844278274,87176.28518036791,87454.53842840479,87125.0995101566,1
87050.48,87227.21,86950.01,87215.1,108.76666,43.18456929519438,24.983793451277762,272.5946371254419,87184.04814429433,87432.77129854981,87125.99503741872,1
87215.1,87333.33,87144.0,87232.67,130.62026,43.62504967915552,24.79095297458636,266.64716304505333,87193.77251543547,87414.58027140891,87127.05647983246,1
87232.67,87430.0,87168.35,87411.01,145.72069,48.02937970246284,24.094748680372312,266.29022282754914,87237.22001234838,87414.25570128082,87129.88188799334,0
87411.0,87464.14,87313.2,87454.82,141.12022,49.08176838306779,23.2673114818971,258.0509211970101,87280.74000987872,87417.94336480075,87133.11510303819,0
87454.82,87504.98,87310.0,87426.93,126.23306,48.40970436717659,22.277272882509894,253.5458553972234,87309.97800790297,87418.76033163705,87136.03863435124,0
87426.93,87535.98,87360.48,87439.32,103.60819,48.74546533764595,21.185605846953887,247.97115144027887,87335.84640632238,87420.62939239733,87139.05635938258,0
87439.33,87533.74,87325.54,87361.71,105.89822,46.69540157068075,20.34511195255848,245.1303549088312,87341.01912505791,87415.27308399757,87141.2718184932,0
87361.71,87726.3,87361.71,87680.92,196.72269,55.06592218813958,19.266414789778405,253.6631867010573,87408.99930004633,87439.42280363415,87146.64145214003,0
87680.92,87714.9,87525.0,87636.0,207.12291,53.78593834709411,18.264767424339766,249.10867336526707,87454.39944003706,87457.29345784923,87151.51069142223,0
87635.99,87792.2,87399.75,87650.01,189.96886,54.14395337075344,17.27574467478783,259.34733955346206,87493.52155202965,87474.8131434993,87156.47088354739,0
87650.01,87682.24,87465.98,87509.99,125.58439,49.97686470878634,16.357366407346746,256.2696724425012,87496.81524162373,87478.01103954481,87159.98848669617,0
87510.0,87628.47,87329.08,87594.3,115.25874,52.354672750469334,16.216282616474096,259.34969583946537,87516.31219329899,87488.58276322256,87164.30999429124,0
87594.3,87731.2,87507.36,87625.76,223.74724,53.247717081134724,15.450484431635303,256.813288993789,87538.2017546392,87501.05342111141,87168.90153663661,0
87625.77,87703.78,87028.0,87038.08,343.55179,38.66745895201345,16.63489268327962,286.7394826370897,87438.17740371136,87458.96492828311,87167.59982980441,0
87038.08,87140.35,86870.5,87083.01,271.42738,40.019696740588735,18.17347199320709,285.53309102015515,87367.14392296909,87424.7872075301,87166.75813995562,0
87083.0,87298.35,86824.71,86992.87,610.38681,38.20003089860046,18.72420962763433,298.9692988044298,87292.28913837529,87385.52200684555,87165.02790970732,0
86992.87,87235.28,86877.0,87180.07,187.96919,43.90454309765791,19.235608859602483,303.20577746125616,87269.84531070024,87366.84455167777,87165.17758224755,0
87180.07,87234.0,86550.0,86599.99,507.69115,33.56532233426645,20.641942445803622,330.40536478545215,87135.8742485602,87297.13050152524,87159.55382521027,0
86599.99,86800.0,86116.0,86741.55,691.07253,37.437285990583916,22.824467126955742,355.6621244436341,87057.00939884815,87246.62318320476,87155.39458316838,0
86741.55,86882.9,86200.0,86591.77,350.94902,35.10589836587584,24.42239383845367,379.0362584119456,86963.96151907853,87187.0910756407,87149.78637836075,1
86591.77,86760.94,86350.0,86760.94,289.05246,39.675301704818,25.906182927701746,381.3150970968068,86923.35721526283,87148.35006876427,87145.9172601681,1
86760.94,87171.67,86760.93,87171.67,331.67606,49.054721427113655,25.35776737699668,383.4168758756067,86973.01977221027,87150.47006251296,87146.17350633559,0
87171.68,87300.0,86878.02,86988.94,255.44728,45.65380540685713,24.351812482364725,386.1713847416345,86976.20381776823,87135.78551137542,87144.60899383474,1
86988.93,87093.44,86712.35,86842.85,163.46128,43.0821779019576,23.89677815928728,385.8084286886604,86949.5330542146,87109.15501034129,87141.60641678167,1
86842.84,87282.0,86770.53,87236.74,234.08569,51.08292762851442,22.759638245189795,394.78425521089906,87006.97444337168,87120.75364576481,87142.55301959977,1
87236.73,87291.0,87020.08,87106.38,159.78543,48.645780931121635,21.67025120908267,385.9368084101205,87026.85555469735,87119.44695069529,87142.1930890565,1
87106.37,87160.0,86954.17,87121.31,121.54906,48.94620454442371,20.877314830633132,373.07203638082626,87045.74644375789,87119.6163188139,87141.98529712559,1
87121.31,87510.0,87046.09,87466.82,224.63646,55.44248015835739,19.887982180311905,379.56046235362464,87129.96115500631,87151.18028983082,87145.21748322385,1
87466.82,87625.01,87229.25,87493.44,211.93642,55.90798952398121,19.32336574164992,380.71757218550823,87202.65692400504,87182.29480893712,87148.6823838883,1
87493.44,88155.65,87470.0,87943.12,324.78556,62.94971610970928,20.115707349743495,402.49845988654295,87350.74953920403,87251.46073539737,87156.5872357899,0
87943.11,87976.78,87609.61,87625.89,157.5091,56.138349462240306,20.851453128687528,399.97499846607553,87405.77763136322,87285.49975945216,87161.25691503577,0
87625.9,87791.95,87529.71,87623.56,166.71026,56.09034352692292,21.2059858002309,390.1367842899266,87449.33410509057,87316.23250859286,87165.85694573194,0
87623.56,87830.0,87567.99,87646.63,107.362,56.48710512450603,21.629369910531704,380.9848711263601,87488.79328407247,87346.26864417533,87170.6407572172,0
87646.63,87716.69,87450.0,87509.99,165.88259,53.408895914385674,21.513749811440206,372.8209517601917,87493.03262725798,87361.15240379576,87174.01736659813,0
87510.0,87645.05,87237.18,87239.29,164.2989,47.846130783273026,20.56506344487055,375.324455205893,87442.28410180638,87350.07400345069,87174.66684553745,0
87239.29,87340.1,86763.72,86949.89,291.69881,42.72301710208457,19.97988785235413,389.6855655483296,87343.80528144511,87313.69363950063,87172.43026000971,0
86949.9,86949.9,86211.13,86296.82,347.92389,33.901359860021216,20.64503681565779,414.6201680091624,87134.40822515609,87221.2505813642,87163.71772010913,1
86296.82,86630.58,86182.49,86630.58,263.44248,40.646539848997,21.31652495623047,417.010870294222,87033.64258012487,87167.55325578565,87158.41286717272,1
86630.57,86910.0,86559.05,86882.85,123.28415,45.19860661217971,21.00428439708982,412.29223670177737,87003.4840640999,87141.67114162332,87155.67094809639,1
86882.84,87114.76,86706.28,87103.74,186.06051,48.894546972726,20.09916703025641,412.01993408022156,87023.53525127993,87138.2228560212,87155.15422224469,0
87103.74,87143.99,86894.56,87054.0,81.4766,48.10774977213753,19.172072943268503,400.40636736020633,87029.62820102395,87130.56623274654,87154.14771257062,0
87054.01,87350.0,87054.01,87186.96,156.81752,50.40516117127547,17.893310099231694,392.9487696916202,87061.09456081917,87135.69293886049,87154.4742029928,0
87186.97,87463.0,87136.32,87382.7,293.68629,53.65794230554367,17.017712375984107,388.2152861422183,87125.41564865533,87158.1481262368,87156.74510644561,0
87387.48,87449.73,87104.78,87176.49,330.7514,49.941759896547985,16.105688072750958,385.12490856063107,87135.63051892427,87159.81556930619,87156.94157304816,0
87176.5,87394.72,87176.5,87295.74,102.95889,52.01158095163241,15.258808362605892,373.2038436634429,87167.65241513943,87172.17233573289,87158.3226519233,0
87295.74,87352.0,87057.72,87189.98,104.12916,50.035594224590696,14.268848271717511,367.56642625891124,87172.11793211155,87173.79121430262,87158.63765041163,0
87189.98,87279.35,86985.02,87032.37,122.44516,47.16014245974645,13.592464733179003,362.3352529547034,87144.16834568925,87160.9347402751,87157.38125588019,0
87032.36,87032.36,86565.48,86647.99,153.89913,40.97551997352043,14.164500777631698,369.80344917222453,87044.9326765514,87114.30340025008,87152.31268616994,1
86648.0,87171.62,86632.69,87136.32,82.33087,49.954735257727066,14.180227741669663,381.8839170884937,87063.21014124111,87116.30490931826,87152.15355496427,1
87136.33,87600.0,87060.0,87339.6,158.75109,53.14982707185529,13.482204640377615,393.17792301074417,87118.4881129929,87136.6044630166,87154.01869372085,1
87339.61,87722.92,87215.1,87642.41,217.1293,57.50239040002591,13.163941194391716,401.3666427956905,87223.27249039433,87182.58678456054,87158.8783087087,0
87642.41,87889.38,87400.01,87828.4,212.0839,59.962769308648795,13.2961476639773,407.65259688171335,87344.29799231546,87241.2970768732,87165.54021608474,0
87828.4,87828.4,87507.57,87534.25,126.33096,54.58079870750121,13.418910814306768,401.45098281873294,87382.28839385237,87267.92916079382,87169.20897015356,1
87534.26,87649.99,87411.06,87421.03,106.55439,52.62297311311394,13.184697470384108,389.84234118882404,87390.03671508191,87281.84741890348,87171.71465204259,1
87421.03,87495.33,87328.89,87369.96,64.5404,51.72174511467987,12.67290935808017,373.8850311039082,87386.02137206553,87289.8576535486,87173.68724256953,1
87369.97,87621.8,87344.34,87467.44,149.74243,53.363541165213846,12.58961833313525,366.9975288822009,87402.30509765242,87306.001503226,87176.61015557879,1
87467.45,87770.0,87376.0,87630.66,146.54508,56.05810783608158,12.94605035896029,368.9262768191866,87447.97607812194,87335.51591202363,87181.12806447851,1
87630.66,87760.0,87396.25,87546.34,98.28931,54.31227261636963,13.277022954369256,368.55654276067327,87467.64886249755,87354.6817382033,87184.7620140857,1
87546.33,87741.52,87493.62,87573.51,98.18663,54.80074477852164,13.584354650106153,359.93821827776867,87488.82108999805,87374.57521654846,87188.63015324903,1
87573.51,87573.51,87338.05,87522.66,87.2174,53.64475620607671,13.176465402625979,351.0469169722132,87495.58887199845,87388.0374695895,87191.9538333162,1
87522.66,87660.0,87434.0,87591.6,67.93209,55.0297795760971,13.1076146123937,342.1149943313408,87514.79109759878,87406.54315417226,87195.93041208918,1
87591.6,88224.0,87550.0,88079.2,287.89938,63.36678944173034,14.602103991192845,365.82106616481644,87627.67287807901,87467.69377652023,87204.7191642077,0
88079.19,88096.07,87862.0,87921.94,182.45312,59.53338092081149,15.989844128649192,356.4102757244729,87686.52630246321,87508.98888774567,87211.85568993697,0
87921.94,88029.87,87826.91,87997.85,96.32532,60.76716316487604,17.10980052515171,345.44954174415284,87748.79104197059,87553.43080704151,87219.67652884308,0
87997.86,88087.97,87761.54,87808.03,103.42087,56.15644219341201,17.828699739724804,344.0910030481425,87760.63883357648,87576.57618821957,87225.53079223768,0
87808.04,87964.82,87662.24,87889.95,114.75926,57.649880133376,18.015789098974615,341.12593140184674,87786.5010668612,87605.06471656324,87232.14192863333,0
87889.96,87889.96,87678.3,87711.82,68.30187,53.391128626055966,18.189514932563725,331.87836487314365,87771.56485348896,87614.76974233022,87236.91484476633,0
87711.82,87776.12,87672.26,87704.0,60.45126,53.20530829724762,18.318850444713547,315.5913388107763,87758.05188279117,87622.88158393656,87241.56245825125,0
87704.01,87892.82,87662.0,87823.89,71.96263,55.7481340515877,18.849198053413176,309.5362431814356,87771.21950623294,87641.15507630596,87247.35676214925,0
87823.52,87823.53,87267.01,87375.51,297.88537,45.73790084039955,17.526906744567587,327.203654382762,87692.07760498635,87617.00552391451,87248.6319187448,0
87375.52,87375.52,87069.97,87119.92,303.90118,41.1968140743588,17.012760196935083,325.65696478399354,87577.64608398908,87571.81593083136,87247.3512031354,1
87119.93,87291.5,86909.99,86910.56,226.23494,37.87924888695775,17.05155840226281,329.6464672994222,87444.22886719127,87511.70175530124,87244.00004688531,1
86913.0,87250.0,86913.0,87242.1,152.75442,45.380450742564406,17.08758530720998,330.34600534946367,87403.80309375301,87487.19250481931,87243.98114094615,1
87242.11,87368.0,87207.5,87275.95,80.31094,46.096135030956106,16.579465317491206,318.214147824502,87378.23247500241,87467.98864074482,87244.29923904619,1
87275.96,87338.05,87186.75,87230.23,63.95368,45.2340091458459,16.185233888305724,306.2917086941806,87348.63198000194,87446.37421885892,87244.15924661788,1
87230.23,87463.5,87220.01,87415.65,52.23951,49.36973207513076,15.241317413484763,301.8058723588824,87362.03558400155,87443.58110805356,87245.86562227344,1
87415.65,87691.09,87415.64,87549.48,116.99863,52.17684750937322,14.856798804110838,299.92331004753345,87399.52446720123,87453.2082800487,87248.8866608578,0
87549.47,87741.5,87549.47,87635.58,131.59544,53.94594700907062,14.68556525641625,292.21664504413815,87446.73557376099,87469.78752731699,87252.73435577464,0
87635.59,87647.12,87480.0,87519.53,90.44846,51.19688658145818,14.196640212976353,283.281170398128,87461.2944590088,87474.30957028817,87255.38903880176,1
87519.54,87706.0,87409.78,87652.63,254.72016,54.08677364486527,13.4129899767046,284.2053725125475,87499.56156720704,87490.5205184438,87259.34168518185,0
87652.62,87670.05,87489.35,87613.54,96.48696,53.09242608705137,12.685314757309401,276.81213161879396,87522.35725376563,87501.70410767618,87262.86604652333,0
87613.55,87697.43,87465.0,87670.09,103.80287,54.39852961953783,12.14085052014834,273.6419793603082,87551.90380301251,87517.01191606926,87266.91802615991,0
87670.09,87889.0,87600.0,87794.0,112.74554,57.21001116249594,12.483939870918991,274.7389808345719,87600.32304241002,87542.19265097205,87272.16262291453,0
87794.0,87861.7,87698.25,87823.99,94.47342,57.886763557226516,12.80252283949174,266.78976791781656,87645.05643392802,87567.81059179278,87277.65344258703,0
87824.0,87887.99,87726.86,87799.99,82.33106,57.10835652722136,13.214210668751376,259.24264163797284,87676.04314714242,87588.91781072071,87282.85082126777,0
87800.0,87800.0,87709.26,87789.33,88.60186,56.74337299074662,13.478904687563402,247.2067386638323,87698.70051771394,87607.13710065518,87287.890415086,0
87789.34,87970.0,87741.51,87935.05,80.9538,60.463192377667866,14.473602858512828,245.86982875927322,87745.97041417114,87636.94736423198,87294.32981394087,0
87935.05,87941.58,87585.07,87617.99,99.75264,50.32306787727785,14.38561676474304,253.77269813361048,87720.37433133692,87635.22396748362,87297.55031330466,0
87618.0,87678.85,87530.33,87557.31,81.02936,48.64174859914901,13.97870466593231,246.2546482669243,87687.76146506953,87628.14087953055,87300.13498680413,0
87557.3,87619.74,87452.27,87538.9,92.74034,48.11649388725752,13.149384780211768,240.6271733907155,87657.98917205563,87620.0280723005,87302.51075807972,0
87538.9,87573.83,87416.44,87424.8,78.76032,44.88169998449694,12.245302021810026,234.68166100566438,87611.35133764452,87602.28006572773,87303.72756645703,0
87424.8,87453.47,87311.12,87362.01,171.56334,43.1620341314567,11.983409799824209,228.08654236240307,87561.48307011562,87580.43733247975,87304.30749116892,0
87362.01,87362.01,87099.78,87115.23,198.4183,37.1390738533754,12.715701249904665,230.52536076508827,87472.2324560925,87538.14575679977,87302.4261230976,0
87115.23,87132.0,86894.58,86960.93,446.66709,33.949167902248966,14.146097438244755,231.01783499615328,87369.97196487401,87485.6715970907,87299.0281517235,0
86960.92,86970.46,86746.6,86825.27,195.50922,31.395932997155562,15.93051316047079,230.50656106785667,87261.03157189922,87425.63508826426,87294.31414026357,0
86825.27,87078.59,86825.27,86921.36,178.22611,35.11810330208379,16.896525944697267,232.1360924201521,87193.09725751937,87379.79189842205,87290.60315379329,0
86921.36,86927.48,86783.29,86868.08,103.98569,34.01605401919543,17.93587989916334,225.8542286758557,87128.0938060155,87333.27263492913,87286.39894330778,0
86868.08,86934.6,86670.36,86893.42,107.39697,35.05983748525996,19.27140088705364,228.59606948472353,87081.1590448124,87293.28603175376,87282.48870506592,0
86893.41,86997.74,86800.05,86955.17,80.09081,37.64826327863829,20.086372138662078,226.38849309295773,87055.96123584993,87262.54821068523,87279.23180252795,0
86955.17,86999.54,86844.01,86989.83,97.02138,39.115187239201084,20.830663751346094,221.3271721577464,87042.73498867995,87237.75564607748,87276.35218260229,0
86989.84,87009.1,86864.66,86896.44,89.94263,36.615527780402054,21.45111752894485,215.8352312893361,87013.47599094396,87206.72695097952,87272.57196187989,0
86896.44,87058.52,86872.0,87053.72,105.07051,43.19892142637071,21.652598722869186,213.74128619724095,87021.52479275518,87192.8172281632,87270.3943304184,0
87053.72,87095.83,86952.53,87095.79,73.35664,44.84899781207324,21.556735065258568,208.7097657545811,87036.37783420415,87183.99657105745,87268.65697389684,0
87095.78,87175.99,86537.13,86559.81,285.51094,32.067677270259885,23.04168960727689,239.43478248639678,86941.06426736333,87127.25233732496,87261.60377017647,1
86559.82,86605.99,86306.77,86520.98,263.38135,31.370178473312784,25.004252103114997,243.70515516593994,86857.04741389066,87072.13667029541,87254.23437942845,1
86520.98,86687.32,86427.68,86618.62,120.17943,35.187674773767,26.276883185279456,244.84335836837383,86809.36193111254,87030.90788208673,87247.90985824012,1
86618.62,86725.74,86580.7,86643.08,121.0925,36.14590067132135,27.199965089692704,237.71454705634773,86776.10554489004,86995.65080189702,87241.89165069544,1
86643.07,86697.54,86568.85,86592.28,105.07236,34.98890277819549,28.093380437159926,229.92707940946488,86739.34043591205,86958.98072899728,87235.4278531761,1
86592.28,86823.99,86581.57,86718.6,170.87486,40.12150362751103,28.049152244582288,230.81943088021728,86735.19234872964,86937.12793545208,87230.28528747286,1
86718.59,87132.64,86581.58,87000.99,344.46237,49.684864089625094,26.304389464151228,253.6937572459159,86788.35187898373,86942.93357768371,87228.00374232388,1
87001.0,87136.33,86934.59,87128.51,182.46457,53.311184461519446,24.66646476397163,249.9827745854937,86856.38350318698,86959.80416153064,87227.01375483807,1
87128.51,87348.33,86943.35,87315.43,172.19672,58.08039853053375,23.619416676095806,261.05400497224383,86948.19280254959,86992.13378320966,87227.89351847152,0
87315.43,87357.19,87208.0,87308.45,211.1423,57.84278700430379,22.684390373392493,253.063718902798,87020.24424203967,87020.88980291787,87228.69507550166,0
87308.44,87583.5,87053.66,87300.39,637.9664,57.55000285031557,22.694462023254594,272.8334532668836,87076.27339363174,87046.29891174352,87229.40845783497,0
87300.39,87693.21,86813.5,86899.73,398.69251,45.28031696374583,21.512905513423384,316.18177803353524,87040.96471490539,87032.97446522137,87226.12807516995,1
86899.72,87216.45,86859.08,87025.57,230.30855,48.96091493155905,20.415745897151545,319.1237938882824,87037.88577192432,87032.30133201941,87224.13247243196,1
87025.58,87325.09,86875.52,87261.25,259.41459,55.05792154035143,19.842604598818284,328.4413800391189,87082.55861753946,87053.11484729037,87224.50180106449,0
87261.26,87349.41,86884.15,86884.16,335.77097,45.6595540944366,19.40911394005765,338.21413860775397,87042.87889403157,87037.75531571852,87221.11531548176,1
86884.16,87009.29,86664.23,86978.0,359.73187,48.03670607029692,18.121069723587652,338.70312870719994,87029.90311522527,87032.32301428956,87218.69625761626,1
86977.99,87574.81,86956.61,87564.07,419.31244,59.849883673268515,18.679249271235435,358.66719094239977,87136.73649218022,87080.66364935414,87222.13281226685,1
87564.07,87849.78,87564.06,87594.44,299.52927,60.352876427477504,19.851604695717064,353.45667730365705,87228.27719374419,87127.37059032194,87225.83736139853,1
87594.45,87946.0,87557.85,87623.27,267.57067,60.85423020630794,21.14660800259291,355.93477178196684,87307.27575499535,87172.45235483813,87229.79191501647,1
87623.26,87858.77,87499.81,87820.01,262.51176,64.1827949549838,22.072114573141373,356.1508595118268,87409.82260399629,87231.32123167101,87235.66473178247,1
87820.02,87993.66,87750.65,87863.15,180.62851,64.88781614557642,23.24084793553367,348.06936954669703,87500.48808319704,87288.76021061001,87241.9083662921,1
87863.16,88826.0,87710.27,88663.14,685.14888,74.79559047161186,25.66281790310274,402.90227172193266,87733.01846655762,87413.70382782728,87256.04997458772,1
88663.14,89513.0,88552.79,89512.99,770.52651,80.9464581690774,28.562878419674476,442.70996659893797,88089.0127732461,87604.54802529752,87278.50708926845,1
89512.99,89962.9,89492.81,89830.79,833.53723,82.65143940204881,31.570139366029014,444.6656832704422,88437.36821859688,87806.93365936138,87303.90293912648,1
89830.8,90111.71,89676.0,90050.57,774.19,83.73538300245491,34.45563831856727,444.0259916082682,88760.0085748775,88010.90059941943,87331.23295963269,0
90050.56,90418.39,90050.56,90349.26,530.48838,85.09808967094507,37.314658100246994,438.5834207791063,89077.858859902,88223.47872674493,87361.26307943734,0
90349.26,90369.71,89709.68,89729.98,600.13133,71.68736587635357,38.760926390817204,454.4010335805997,89208.2830879216,88360.43338794993,87384.83240203002,1
89729.69,90168.96,89719.63,90145.69,223.38102,74.58300664768456,40.103889803489544,454.03881689627127,89395.7644703373,88522.72944359084,87412.30362191032,0
90145.69,90197.83,89745.32,89822.0,541.81446,68.691943168509,41.379526692439974,453.9296156893944,89481.01157626984,88640.84494871895,87436.28070029928,1
89822.0,90017.96,89716.3,89790.41,552.28212,68.12638899429983,42.449973415043054,443.0532145687236,89542.89126101587,88745.35086247177,87459.70487243561,1
89790.41,90036.0,89735.83,89874.78,422.51943,68.86371294142063,43.4649128611547,432.84727067095747,89609.26900881271,88848.02623861069,87483.73547071984,1
89874.79,90056.15,89801.16,89957.36,146.86217,69.60485723920226,44.43219060441715,420.1431799087456,89678.88720705017,88948.87476237335,87508.34865011567,1
89957.37,90000.0,89508.85,89976.84,259.22796,69.78754971245446,44.08143241951051,425.21509562954907,89738.47776564014,89042.32614761213,87532.91075309961,1
89976.84,90114.67,89800.95,90000.35,643.56973,70.02174126794462,43.94983902010195,417.2511602274385,89790.85221251212,89129.41922510194,87557.46238739714,1
90000.36,90068.02,89678.06,89678.06,608.31588,62.83152775663102,43.326732952413956,415.3017916397648,89768.29377000971,89179.29565918357,87578.5628611544,1
89678.07,89944.85,89644.77,89866.82,134.50655,65.09240327952966,42.61117759699572,407.0716636654961,89787.99901600777,89241.79787198505,87601.33158890411,1
89866.83,90022.57,89831.96,89831.96,149.6681,64.31434542205507,42.11070954008241,391.6101162608179,89796.79121280623,89295.44897453187,87623.52689647721,1
89831.97,90282.0,89815.35,90270.0,265.85402,69.28292761471538,42.152482702862194,396.9701079564734,89891.43297024499,89384.0445223017,87649.85996218391,0
90270.01,90491.28,90146.18,90231.64,269.71132,68.38498398807815,42.54864634225551,393.26510024529716,89959.47437619598,89461.0986566379,87675.54931579402,0
90231.64,90384.81,90160.62,90195.99,117.88211,67.50929073092952,42.91651257883502,381.18830737063325,90006.7775009568,89527.9069605799,87700.62832757717,1
90195.98,90656.08,90127.88,90324.12,235.34291,69.04361606423664,43.69154436104129,391.689142558445,90070.24600076544,89600.28996416354,87726.73272232765,0
90324.12,90538.6,90214.8,90336.91,162.2056,69.19997178638074,44.41121673023282,386.83991808998485,90123.57880061236,89667.25542196685,87752.70463553832,0
90336.9,90369.73,90201.55,90241.84,181.33189,66.51083086616467,45.00776723576885,371.2213525121283,90147.23104048989,89719.49038360623,87777.47215160262,1
90241.85,90461.53,90212.5,90386.57,107.14357,68.51663507750882,45.71845162243062,362.4933987612619,90195.09883239192,89780.13398509657,87803.43332422349,1
90386.56,90600.0,90341.04,90512.61,166.32528,70.19105830298615,46.60412698761703,355.0981559926008,90258.60106591354,89846.72271372416,87830.39030607202,0
90512.62,90514.58,90335.46,90337.44,146.32697,65.01572279090212,47.39225234607749,342.52828770741473,90274.36885273083,89891.33337611286,87855.33607417082,1
90337.43,90453.19,90312.25,90417.22,70.41011,66.23673536818971,47.97301431742056,328.12912429974244,90302.93908218466,89939.14125101168,87880.82745651738,1
90417.22,90575.95,90408.51,90484.02,185.84768,67.26688815142016,48.737839113840145,316.6513297069039,90339.15526574773,89988.6756827379,87906.72986988537,1
90484.01,90554.49,90116.33,90179.01,350.72252,58.49139580239621,47.70304210505402,325.3305204421253,90307.12621259819,90005.97880248899,87929.33962242382,1
90179.01,90268.01,90089.91,90218.01,211.82254,59.223901548835954,46.60051770873722,314.8140546962586,90289.30297007856,90025.25436589908,87952.11246200169,1
90218.01,90394.97,90216.89,90361.67,121.9804,61.89167361580243,45.92030195033428,305.0473365036689,90303.77637606284,90055.83760536279,87976.0881588972,1
90361.68,90597.32,90352.0,90485.85,179.03813,64.07937201592637,45.77696693543231,300.78109818197873,90340.19110085028,90094.9296412389,88001.06091353504,1
90485.85,90931.0,90385.5,90688.06,397.28471,67.36478320693514,46.29179853189888,318.26101974040887,90409.76488068022,90148.85058294445,88027.7972228531,1
90688.07,90818.0,90604.05,90719.2,243.22323,67.85241811218653,46.769856442903546,310.8102326160938,90471.65190454417,90200.70052994949,88054.57734998889,1
90719.19,90736.54,90600.0,90706.52,86.33506,67.41072299640334,47.18894609637364,298.3623588578009,90518.62552363535,90246.6841181359,88080.96483904372,1
90706.51,91236.0,90639.73,91145.78,396.49688,73.77866563754924,48.362149842574006,319.641476082244,90644.05641890828,90328.42010739628,88111.46051228707,1
91145.78,91213.68,90879.76,91029.89,269.17518,69.89806831226029,49.45155332118863,320.6613706477979,90721.22313512662,90392.19009763298,88140.4996116673,1
91029.89,91480.0,91002.98,91480.0,648.08964,75.32631096141922,50.78893888739688,331.8298441729555,90872.9785081013,90491.08190693907,88173.7284712527,1
91480.0,91887.0,91365.84,91823.4,879.09856,78.51023607297775,52.41957029930139,345.35342673203036,91063.06280648103,90612.20173358097,88210.04361084223,0
91823.39,91950.0,91333.75,91389.21,1145.45832,66.7769526170851,53.98596301699685,364.7031819654568,91128.29224518483,90682.83884870997,88241.67710725177,0
91389.73,91615.6,91309.81,91361.97,208.52723,66.10942592695359,55.300788912513056,360.4950975393533,91175.02779614787,90744.57804428179,88272.72479772689,0
91361.96,91599.0,91312.63,91334.53,194.70559,65.40020290951954,56.521698672635246,355.20044771511346,91206.9282369183,90798.21004025618,88303.1905211326,0
91334.53,91334.53,91088.76,91161.98,261.64568,60.970688914322174,56.319952860651696,347.38398716403424,91197.93858953463,90831.28003659652,88331.636187589,0
91161.99,91221.7,91044.14,91091.68,150.21364,59.21112384670491,55.882872567129965,335.253702366603,91176.68687162771,90854.95276054229,88359.09931010056,1
91091.68,91353.85,91057.77,91289.98,135.23762,62.49874734906061,55.717644871260916,332.4555807689886,91199.34549730217,90894.50069140209,88388.26230203986,0
91289.99,91346.69,91119.3,91125.69,141.59602,58.3057478916444,55.564219153668226,324.95089642834654,91184.61439784175,90915.51790127464,88415.50038858673,0
91125.7,91300.0,91075.0,91156.08,136.83872,58.85562821922019,55.14064705622164,317.81154668346466,91178.90751827341,90937.38718297695,88442.76983745652,0
91156.08,91313.71,91156.07,91277.06,95.54821,61.05745854514931,54.777796718196676,306.37072192036,91198.53801461872,90968.26652997905,88470.97172962113,0
91277.06,91333.0,91154.0,91298.36,90.02172,61.44862712968277,54.48605740795631,297.27281321176287,91218.502411695,90998.27502725368,88499.10494624182,0
91298.36,91554.49,91241.62,91489.02,197.69546,64.85196735867744,54.69217494146482,298.3868979823519,91272.605929356,91042.88820659426,88528.85534478667,0
91489.02,91489.02,90889.11,90966.46,258.82739,51.446484052556706,52.76571086132262,319.92426241218413,91211.3767434848,91035.94018781296,88553.11011747536,1
90966.45,91092.51,90921.85,90967.54,177.96852,51.46881219105697,50.97685135833343,309.2625293827416,91162.60939478784,91029.72198892086,88577.13429541093,1
90967.53,91300.05,90967.53,91287.72,279.38731,57.681970235644116,49.90423197516985,310.92377728397463,91187.63151583029,91053.17635356441,88604.10529744664,0
91287.72,91413.45,91215.01,91382.0,131.29309,59.3329589739068,49.195746096874174,302.8892217636909,91226.50521266423,91083.06941233129,88631.74604075564,0
91382.0,91445.3,91280.0,91335.31,99.71362,58.12358655582865,48.61784484812906,293.0614202091418,91248.26617013139,91106.00037484663,88658.64717467847,0
91335.32,91375.32,91195.79,91244.58,89.86933,55.745720930427424,47.57280638924572,284.9520330513469,91247.52893610511,91118.59852258784,88684.37784955729,1
91244.59,91327.98,91135.88,91283.17,92.2903,56.559742376873835,46.24629712128198,278.3197449762501,91254.6571488841,91133.55956598894,88710.23647791991,1
91283.16,91467.77,91241.45,91442.95,118.68897,59.852581574059315,45.44816777174435,274.60547747794703,91292.31571910728,91161.68596908085,88737.4276572441,1
91442.95,91455.36,91350.0,91364.63,194.29158,57.54977884707784,44.70704766145941,262.51651480095086,91306.77857528583,91180.13542643713,88763.56897408745,1
91364.63,91496.63,91327.46,91408.34,204.51563,58.50921981803905,44.15077986771137,255.84890660088283,91327.09086022868,91200.88129676103,88789.88510369853,1
91408.34,91511.83,91221.17,91248.82,180.19857,53.735886731934464,42.91909901281443,258.3354132722486,91311.43668818296,91205.23936069185,88814.35211759209,1
91248.83,91396.0,91248.82,91368.81,101.10698,56.60378586632436,41.77539536183869,250.39574089565892,91322.91135054638,91220.10941881078,88839.76960895934,1
91368.8,91449.7,91284.86,91387.99,141.42674,57.06198036805224,40.92788900115563,244.28461654596876,91335.9270804371,91235.37128982798,88865.12503573587,1
91388.0,91520.24,91371.55,91492.02,203.64271,59.556253932455604,40.415914562959884,237.45642964982832,91367.1456643497,91258.7029907527,88891.26329408676,0
91492.01,91537.98,91475.39,91511.01,125.88351,60.012893045163345,40.00986510661675,224.96597038912606,91395.91853147977,91281.63999159336,88917.33042548888,0
91511.0,91769.09,91511.0,91601.53,344.61009,62.20356255304324,40.42805087035373,227.33197250418823,91437.04082518381,91310.72090144851,88944.0388789666,0
91601.53,91940.18,91601.53,91803.6,244.50798,66.60218703225195,41.27926571767224,235.28326018246008,91510.35266014705,91355.52809222591,88972.4922234545,0
91803.6,91803.61,91540.0,91561.67,160.30674,57.91238229305971,41.58751314432402,237.30659874085583,91520.61612811765,91374.2682656599,88998.2551864052,0
91561.67,91700.0,91545.99,91593.13,116.12044,58.66758917882491,41.87374289764353,231.3568416879372,91535.11890249413,91394.16478696355,89024.07483629171,0
91593.13,91747.29,91593.11,91650.57,93.65721,60.076177582085,42.287179429819176,225.8442101387983,91558.2091219953,91417.47435178504,89050.20911652762,0
91650.57,91664.34,91347.02,91598.64,198.0409,58.14684068926384,40.81951580541085,232.3781951288836,91566.29529759624,91433.94395616822,89075.5666377562,0
91598.64,91671.37,91492.01,91613.51,118.1866,58.55726353757593,39.48671277942636,228.59118119110624,91575.738238077,91450.26814197112,89100.81980553972,0
91613.52,91619.36,91500.0,91528.09,63.82547,55.208078100087725,38.24910996958363,220.78895396317012,91566.20859046161,91457.34285633737,89124.97174777316,0
91528.1,91563.44,91361.38,91361.39,116.62086,49.28394751141754,36.14528898037186,219.45117153722924,91525.2448723693,91448.6198693976,89147.22466570577,0
91361.39,91478.17,91307.69,91469.76,74.72265,52.8277290084088,33.85259698014771,215.95323071314115,91514.14789789544,91450.54169945235,89170.33447002711,0
91469.77,91477.13,91362.23,91371.88,71.13396,49.46574517917597,31.72366869422528,208.73514280506026,91485.69431831635,91443.39063586577,89192.24039569849,0
91371.87,91457.36,91307.63,91406.75,81.78954,50.67018697643315,29.53238890898284,204.52048974755567,91469.9054546531,91440.05966896888,89214.27531713434,0
91406.76,91432.01,91190.0,91277.32,154.91463,46.26262978861598,28.218518851506055,207.19831190844417,91431.3883637225,91425.26515360808,89234.80312492404,0
91277.33,91363.13,91100.0,91108.61,119.68226,41.22840565577556,27.490552485475845,211.19343248641277,91366.83269097799,91396.47832146188,89253.44796945216,0
91108.62,91209.66,90950.0,90986.56,284.95596,38.006302138700306,27.529780343390968,214.65533016595498,91290.7781527824,91359.21301951079,89270.69286527851,0
90986.56,91075.99,90750.0,90816.98,263.10715,34.02715401702263,28.33319414467781,222.60780658267285,91196.01852222593,91309.91910864618,89286.07880691753,0
90817.03,90881.38,90438.43,90715.05,522.28023,31.867451662880462,29.95478499115014,238.34653468391133,91099.82481778075,91255.84009876924,89300.29742575418,0
90715.05,90882.24,90494.71,90822.96,338.60271,36.46499365070369,31.454131019960954,249.0024964922033,91044.45185422461,91216.48736251748,89315.44829713972,0
90822.96,91040.0,90702.37,90852.78,220.12251,37.71577039600976,31.712674991869548,255.33303245704627,91006.11748337968,91183.42305683406,89330.74513000401,1
90852.79,90903.56,90768.48,90836.65,109.22476,37.28815919164177,31.952751537213242,246.74353013868597,90972.22398670376,91151.89823348551,89345.72925806367,1
90836.66,90978.49,90623.03,90951.57,139.11676,42.3069120601111,32.64439870753701,254.50899227163745,90968.093189363,91133.6865758959,89361.7077729088,1
90951.56,90972.63,90579.77,90740.98,195.03173,36.53657816961329,33.41736779983169,264.39120710937766,90922.6705514904,91097.98597808718,89375.4318746709,1
90740.98,90842.0,90632.22,90789.68,96.44401,38.6214629020756,34.13512481410532,260.49040660156487,90896.07244119233,91069.95816189743,89389.50399532095,1
90789.68,90964.11,90629.98,90692.7,118.67687,36.079566879396694,33.84759466111344,265.7503775585963,90855.39795295388,91035.6619653613,89402.47111974562,1
90692.7,90969.03,90692.69,90931.97,86.15293,45.59369595411954,33.54321151547008,266.5067791615535,90870.7123623631,91026.23542305572,89417.6900140765,1
90931.97,90987.75,90775.37,90885.58,104.01069,44.21945305125056,33.1104499534336,262.6405806500143,90873.68588989048,91013.4485664143,89432.2958845832,1
90885.59,90988.0,90850.0,90958.3,87.39727,46.920308109502656,32.70647641810748,253.73768203215613,90890.60871191238,91008.43506037662,89447.48000513462,1
90958.29,91270.0,90850.77,91232.39,206.69972,55.638874353292294,30.418913655329717,265.5585618870018,90958.96496952992,91028.79460034239,89465.240303591,1
91232.39,91381.07,91113.6,91206.69,218.84717,54.73110501226437,28.902132959345373,265.6950931807875,91008.50997562394,91044.96690940217,89482.56816126671,1
91206.7,91562.0,91176.06,91300.01,225.49516,57.446063579668454,28.340763403781878,274.2840150964457,91066.80998049915,91068.15264491105,89500.65215966207,1
91300.0,91486.28,91232.38,91467.13,127.37499,61.85778064655761,27.819491673615776,272.82801401812776,91146.87398439932,91104.4233135555,89520.21910334703,0
91467.12,91539.99,91363.57,91470.69,118.219,61.948280619987756,27.578093977301492,265.9417273025471,91211.63718751947,91137.72028505045,89539.6267739605,0
91470.69,91635.79,91347.21,91370.76,256.19655,57.80238090585773,27.76591801581145,267.55874678093573,91243.46175001559,91158.90571368222,89557.84700506537,1
91370.75,91537.06,91299.06,91447.14,233.80914,60.00559752268558,27.571304457122,265.4474077251546,91284.19740001248,91185.1088306202,89576.64594033836,0
91447.15,91516.0,91386.77,91479.3,96.11406,60.930567055971245,27.390591866910366,255.7175928876433,91323.21792000998,91211.853482382,89595.57782152902,0
91479.3,91500.0,91390.54,91423.68,90.32605,58.414353944489264,27.222787318856707,245.2706219670978,91343.31033600798,91231.11043852908,89613.76789295659,0
91423.68,91502.0,91347.21,91420.68,80.05178,58.274567129122346,26.685668400161102,238.80772039801894,91358.78426880638,91248.34403502644,89631.7471179023,0
91420.69,91800.0,91375.99,91760.31,138.46116,67.69861109376242,27.564773605959125,252.03645465530292,91439.08941504512,91294.88639547858,89652.92684807243,0
91760.3,91843.59,91690.64,91791.99,124.24282,68.4152134149355,28.539979808044823,244.95885075135251,91509.6695320361,91340.07763225325,89674.21105853937,0
91791.99,91791.99,91556.5,91629.07,127.61151,60.92911095392865,28.35802496678268,244.28250426911342,91533.54962562889,91366.34966568477,89693.66239129021,0
91629.08,91683.84,91560.27,91620.13,86.36598,60.53766075602998,28.189066899896403,235.6601825356048,91550.86570050311,91389.42060516796,89712.83122321767,0
91620.13,91730.76,91506.94,91712.79,84.48314,63.178219995967794,27.60599083130659,234.8144552116325,91583.25056040249,91418.81782287997,89732.73131054884,0
